model,nowcast_date,run_time,run_time_mins,run_time_hrs
"Reference: Fixed, Report: Fixed",2021-10-01,1297.3,21.6216666666667,0.360361111111111
"Reference: Fixed, Report: Fixed",2021-10-02,1264.9,21.0816666666667,0.351361111111111
"Reference: Fixed, Report: Fixed",2021-10-03,1029.1,17.1516666666667,0.285861111111111
"Reference: Fixed, Report: Fixed",2021-10-04,1119.4,18.6566666666667,0.310944444444445
"Reference: Fixed, Report: Fixed",2021-10-05,1022.4,17.04,0.284
"Reference: Fixed, Report: Fixed",2021-10-06,1084.6,18.0766666666667,0.301277777777778
"Reference: Fixed, Report: Fixed",2021-10-07,1059.9,17.665,0.294416666666667
"Reference: Fixed, Report: Fixed",2021-10-08,1339.3,22.3216666666667,0.372027777777778
"Reference: Fixed, Report: Fixed",2021-10-09,1318.4,21.9733333333333,0.366222222222222
"Reference: Fixed, Report: Fixed",2021-10-10,1320.4,22.0066666666667,0.366777777777778
"Reference: Fixed, Report: Fixed",2021-10-11,1300.9,21.6816666666667,0.361361111111111
"Reference: Fixed, Report: Fixed",2021-10-12,1290.9,21.515,0.358583333333333
"Reference: Fixed, Report: Fixed",2021-10-13,1312.8,21.88,0.364666666666667
"Reference: Fixed, Report: Fixed",2021-10-14,1313.3,21.8883333333333,0.364805555555556
"Reference: Fixed, Report: Fixed",2021-10-15,1291,21.5166666666667,0.358611111111111
"Reference: Fixed, Report: Fixed",2021-10-16,1294.7,21.5783333333333,0.359638888888889
"Reference: Fixed, Report: Fixed",2021-10-17,1254.3,20.905,0.348416666666667
"Reference: Fixed, Report: Fixed",2021-10-18,1236.3,20.605,0.343416666666667
"Reference: Fixed, Report: Fixed",2021-10-19,1213,20.2166666666667,0.336944444444444
"Reference: Fixed, Report: Fixed",2021-10-20,1258.8,20.98,0.349666666666667
"Reference: Fixed, Report: Fixed",2021-10-21,1273,21.2166666666667,0.353611111111111
"Reference: Fixed, Report: Fixed",2021-10-22,1276.2,21.27,0.3545
"Reference: Fixed, Report: Fixed",2021-10-23,1284.6,21.41,0.356833333333333
"Reference: Fixed, Report: Fixed",2021-10-24,1258,20.9666666666667,0.349444444444444
"Reference: Fixed, Report: Fixed",2021-10-25,1239.3,20.655,0.34425
"Reference: Fixed, Report: Fixed",2021-10-26,1251.6,20.86,0.347666666666667
"Reference: Fixed, Report: Fixed",2021-10-27,1153,19.2166666666667,0.320277777777778
"Reference: Fixed, Report: Fixed",2021-10-28,1205.1,20.085,0.33475
"Reference: Fixed, Report: Fixed",2021-10-29,833.3,13.8883333333333,0.231472222222222
"Reference: Fixed, Report: Fixed",2021-10-30,844.6,14.0766666666667,0.234611111111111
"Reference: Fixed, Report: Fixed",2021-10-31,822,13.7,0.228333333333333
"Reference: Fixed, Report: Fixed",2021-11-01,1602.5,26.7083333333333,0.445138888888889
"Reference: Fixed, Report: Fixed",2021-11-02,2003.8,33.3966666666667,0.556611111111111
"Reference: Fixed, Report: Fixed",2021-11-03,2076.6,34.61,0.576833333333333
"Reference: Fixed, Report: Fixed",2021-11-04,1988.4,33.14,0.552333333333333
"Reference: Fixed, Report: Fixed",2021-11-05,1321.1,22.0183333333333,0.366972222222222
"Reference: Fixed, Report: Fixed",2021-11-06,1314.9,21.915,0.36525
"Reference: Fixed, Report: Fixed",2021-11-07,1274.6,21.2433333333333,0.354055555555556
"Reference: Fixed, Report: Fixed",2021-11-08,1230.7,20.5116666666667,0.341861111111111
"Reference: Fixed, Report: Fixed",2021-11-09,1270.5,21.175,0.352916666666667
"Reference: Fixed, Report: Fixed",2021-11-10,1296.1,21.6016666666667,0.360027777777778
"Reference: Fixed, Report: Fixed",2021-11-11,1330.4,22.1733333333333,0.369555555555556
"Reference: Fixed, Report: Fixed",2021-11-12,1363.9,22.7316666666667,0.378861111111111
"Reference: Fixed, Report: Fixed",2021-11-13,1386,23.1,0.385
"Reference: Fixed, Report: Fixed",2021-11-14,1379.1,22.985,0.383083333333333
"Reference: Fixed, Report: Fixed",2021-11-15,1379.2,22.9866666666667,0.383111111111111
"Reference: Fixed, Report: Fixed",2021-11-16,1386.4,23.1066666666667,0.385111111111111
"Reference: Fixed, Report: Fixed",2021-11-17,1406.8,23.4466666666667,0.390777777777778
"Reference: Fixed, Report: Fixed",2021-11-18,1432.8,23.88,0.398
"Reference: Fixed, Report: Fixed",2021-11-19,1457.2,24.2866666666667,0.404777777777778
"Reference: Fixed, Report: Fixed",2021-11-20,1476.5,24.6083333333333,0.410138888888889
"Reference: Fixed, Report: Fixed",2021-11-21,1415.2,23.5866666666667,0.393111111111111
"Reference: Fixed, Report: Fixed",2021-11-22,1394.2,23.2366666666667,0.387277777777778
"Reference: Fixed, Report: Fixed",2021-11-23,1400,23.3333333333333,0.388888888888889
"Reference: Fixed, Report: Fixed",2021-11-24,1187.8,19.7966666666667,0.329944444444444
"Reference: Fixed, Report: Fixed",2021-11-25,1224.5,20.4083333333333,0.340138888888889
"Reference: Fixed, Report: Fixed",2021-11-26,2598.4,43.3066666666667,0.721777777777778
"Reference: Fixed, Report: Fixed",2021-11-27,1706.8,28.4466666666667,0.474111111111111
"Reference: Fixed, Report: Fixed",2021-11-28,1111.8,18.53,0.308833333333333
"Reference: Fixed, Report: Fixed",2021-11-29,1170.9,19.515,0.32525
"Reference: Fixed, Report: Fixed",2021-11-30,1163.7,19.395,0.32325
"Reference: Fixed, Report: Fixed",2021-12-01,1085,18.0833333333333,0.301388888888889
"Reference: Fixed, Report: Fixed",2021-12-02,1290.2,21.5033333333333,0.358388888888889
"Reference: Fixed, Report: Fixed",2021-12-03,1935.5,32.2583333333333,0.537638888888889
"Reference: Fixed, Report: Fixed",2021-12-04,1684.8,28.08,0.468
"Reference: Fixed, Report: Fixed",2021-12-05,1137.2,18.9533333333333,0.315888888888889
"Reference: Fixed, Report: Fixed",2021-12-06,1259.1,20.985,0.34975
"Reference: Fixed, Report: Fixed",2021-12-07,1204.2,20.07,0.3345
"Reference: Fixed, Report: Fixed",2021-12-08,2107.3,35.1216666666667,0.585361111111111
"Reference: Fixed, Report: Fixed",2021-12-09,1170,19.5,0.325
"Reference: Fixed, Report: Fixed",2021-12-10,1186.3,19.7716666666667,0.329527777777778
"Reference: Fixed, Report: Fixed",2021-12-11,1233.5,20.5583333333333,0.342638888888889
"Reference: Fixed, Report: Fixed",2021-12-12,1305.2,21.7533333333333,0.362555555555556
"Reference: Fixed, Report: Fixed",2021-12-13,1151.3,19.1883333333333,0.319805555555556
"Reference: Fixed, Report: Fixed",2021-12-14,1256.8,20.9466666666667,0.349111111111111
"Reference: Fixed, Report: Fixed",2021-12-15,1303,21.7166666666667,0.361944444444444
"Reference: Fixed, Report: Fixed",2021-12-16,2173.6,36.2266666666667,0.603777777777778
"Reference: Fixed, Report: Fixed",2021-12-17,2152,35.8666666666667,0.597777777777778
"Reference: Fixed, Report: Fixed",2021-12-18,1167.6,19.46,0.324333333333333
"Reference: Fixed, Report: Fixed",2021-12-19,2150.5,35.8416666666667,0.597361111111111
"Reference: Fixed, Report: Fixed",2021-12-20,1983.1,33.0516666666667,0.550861111111111
"Reference: Fixed, Report: Fixed",2021-12-21,1491.8,24.8633333333333,0.414388888888889
"Reference: Fixed, Report: Fixed",2021-12-22,1154.2,19.2366666666667,0.320611111111111
"Reference: Fixed, Report: Fixed",2021-12-23,2084.2,34.7366666666667,0.578944444444444
"Reference: Fixed, Report: Fixed",2021-12-24,1310,21.8333333333333,0.363888888888889
"Reference: Fixed, Report: Fixed",2021-12-25,1203.1,20.0516666666667,0.334194444444444
"Reference: Fixed, Report: Fixed",2021-12-26,1124.1,18.735,0.31225
"Reference: Fixed, Report: Fixed",2021-12-27,1706.4,28.44,0.474
"Reference: Fixed, Report: Fixed",2021-12-28,1287.9,21.465,0.35775
"Reference: Fixed, Report: Fixed",2021-12-29,2042,34.0333333333333,0.567222222222222
"Reference: Fixed, Report: Fixed",2021-12-30,1176.8,19.6133333333333,0.326888888888889
"Reference: Fixed, Report: Fixed",2021-12-31,2041.7,34.0283333333333,0.567138888888889
"Reference: Fixed, Report: Fixed",2022-01-01,1985.1,33.085,0.551416666666667
"Reference: Fixed, Report: Fixed",2022-01-02,1950.9,32.515,0.541916666666667
"Reference: Fixed, Report: Fixed",2022-01-03,1131.6,18.86,0.314333333333333
"Reference: Fixed, Report: Fixed",2022-01-04,1231.6,20.5266666666667,0.342111111111111
"Reference: Fixed, Report: Fixed",2022-01-05,1217.7,20.295,0.33825
"Reference: Fixed, Report: Fixed",2022-01-06,1271.4,21.19,0.353166666666667
"Reference: Fixed, Report: Fixed",2022-01-07,1786.1,29.7683333333333,0.496138888888889
"Reference: Fixed, Report: Fixed",2022-01-08,1266,21.1,0.351666666666667
"Reference: Fixed, Report: Fixed",2022-01-09,1311.5,21.8583333333333,0.364305555555556
"Reference: Fixed, Report: Fixed",2022-01-10,1899.4,31.6566666666667,0.527611111111111
"Reference: Fixed, Report: Fixed",2022-01-11,1393.2,23.22,0.387
"Reference: Fixed, Report: Fixed",2022-01-12,2022.4,33.7066666666667,0.561777777777778
"Reference: Fixed, Report: Fixed",2022-01-13,2065.3,34.4216666666667,0.573694444444444
"Reference: Fixed, Report: Fixed",2022-01-14,1818.8,30.3133333333333,0.505222222222222
"Reference: Fixed, Report: Fixed",2022-01-15,1154.1,19.235,0.320583333333333
"Reference: Fixed, Report: Fixed",2022-01-16,1286.5,21.4416666666667,0.357361111111111
"Reference: Fixed, Report: Fixed",2022-01-17,2232.6,37.21,0.620166666666667
"Reference: Fixed, Report: Fixed",2022-01-18,1843.8,30.73,0.512166666666667
"Reference: Fixed, Report: Fixed",2022-01-19,1144.7,19.0783333333333,0.317972222222222
"Reference: Fixed, Report: Fixed",2022-01-20,1808.3,30.1383333333333,0.502305555555556
"Reference: Fixed, Report: Fixed",2022-01-21,2059.4,34.3233333333333,0.572055555555556
"Reference: Fixed, Report: Fixed",2022-01-22,2058.9,34.315,0.571916666666667
"Reference: Fixed, Report: Fixed",2022-01-23,2169.5,36.1583333333333,0.602638888888889
"Reference: Fixed, Report: Fixed",2022-01-24,2143.7,35.7283333333333,0.595472222222222
"Reference: Fixed, Report: Fixed",2022-01-25,1874.5,31.2416666666667,0.520694444444445
"Reference: Fixed, Report: Fixed",2022-01-26,2145.3,35.755,0.595916666666667
"Reference: Fixed, Report: Fixed",2022-01-27,2143.9,35.7316666666667,0.595527777777778
"Reference: Fixed, Report: Fixed",2022-01-28,2010.2,33.5033333333333,0.558388888888889
"Reference: Fixed, Report: Fixed",2022-01-29,1975.3,32.9216666666667,0.548694444444445
"Reference: Fixed, Report: Fixed",2022-01-30,1871.9,31.1983333333333,0.519972222222222
"Reference: Fixed, Report: Fixed",2022-01-31,1195.3,19.9216666666667,0.332027777777778
"Reference: Fixed, Report: Day of week",2021-10-01,1711.5,28.525,0.475416666666667
"Reference: Fixed, Report: Day of week",2021-10-02,1724.3,28.7383333333333,0.478972222222222
"Reference: Fixed, Report: Day of week",2021-10-03,1715.6,28.5933333333333,0.476555555555556
"Reference: Fixed, Report: Day of week",2021-10-04,1746.1,29.1016666666667,0.485027777777778
"Reference: Fixed, Report: Day of week",2021-10-05,1745.8,29.0966666666667,0.484944444444445
"Reference: Fixed, Report: Day of week",2021-10-06,1745.1,29.085,0.48475
"Reference: Fixed, Report: Day of week",2021-10-07,1768.2,29.47,0.491166666666667
"Reference: Fixed, Report: Day of week",2021-10-08,1796.6,29.9433333333333,0.499055555555556
"Reference: Fixed, Report: Day of week",2021-10-09,1810.2,30.17,0.502833333333333
"Reference: Fixed, Report: Day of week",2021-10-10,1826.2,30.4366666666667,0.507277777777778
"Reference: Fixed, Report: Day of week",2021-10-11,1821.2,30.3533333333333,0.505888888888889
"Reference: Fixed, Report: Day of week",2021-10-12,1832.2,30.5366666666667,0.508944444444445
"Reference: Fixed, Report: Day of week",2021-10-13,1833,30.55,0.509166666666667
"Reference: Fixed, Report: Day of week",2021-10-14,1856.1,30.935,0.515583333333333
"Reference: Fixed, Report: Day of week",2021-10-15,1751.4,29.19,0.4865
"Reference: Fixed, Report: Day of week",2021-10-16,1745.1,29.085,0.48475
"Reference: Fixed, Report: Day of week",2021-10-17,1752.9,29.215,0.486916666666667
"Reference: Fixed, Report: Day of week",2021-10-18,1744.7,29.0783333333333,0.484638888888889
"Reference: Fixed, Report: Day of week",2021-10-19,1765.5,29.425,0.490416666666667
"Reference: Fixed, Report: Day of week",2021-10-20,1796.7,29.945,0.499083333333333
"Reference: Fixed, Report: Day of week",2021-10-21,1742.7,29.045,0.484083333333333
"Reference: Fixed, Report: Day of week",2021-10-22,1781.6,29.6933333333333,0.494888888888889
"Reference: Fixed, Report: Day of week",2021-10-23,1749.4,29.1566666666667,0.485944444444445
"Reference: Fixed, Report: Day of week",2021-10-24,1763.8,29.3966666666667,0.489944444444444
"Reference: Fixed, Report: Day of week",2021-10-25,1771.8,29.53,0.492166666666667
"Reference: Fixed, Report: Day of week",2021-10-26,1761.3,29.355,0.48925
"Reference: Fixed, Report: Day of week",2021-10-27,1794.3,29.905,0.498416666666667
"Reference: Fixed, Report: Day of week",2021-10-28,1769.5,29.4916666666667,0.491527777777778
"Reference: Fixed, Report: Day of week",2021-10-29,1782.1,29.7016666666667,0.495027777777778
"Reference: Fixed, Report: Day of week",2021-10-30,1768.6,29.4766666666667,0.491277777777778
"Reference: Fixed, Report: Day of week",2021-10-31,1759.1,29.3183333333333,0.488638888888889
"Reference: Fixed, Report: Day of week",2021-11-01,1792,29.8666666666667,0.497777777777778
"Reference: Fixed, Report: Day of week",2021-11-02,1672.7,27.8783333333333,0.464638888888889
"Reference: Fixed, Report: Day of week",2021-11-03,1858.4,30.9733333333333,0.516222222222222
"Reference: Fixed, Report: Day of week",2021-11-04,1745.7,29.095,0.484916666666667
"Reference: Fixed, Report: Day of week",2021-11-05,3927.9,65.465,1.09108333333333
"Reference: Fixed, Report: Day of week",2021-11-06,2727.7,45.4616666666667,0.757694444444445
"Reference: Fixed, Report: Day of week",2021-11-07,2419.7,40.3283333333333,0.672138888888889
"Reference: Fixed, Report: Day of week",2021-11-08,2220.6,37.01,0.616833333333333
"Reference: Fixed, Report: Day of week",2021-11-09,2330.6,38.8433333333333,0.647388888888889
"Reference: Fixed, Report: Day of week",2021-11-10,2257,37.6166666666667,0.626944444444444
"Reference: Fixed, Report: Day of week",2021-11-11,2127.6,35.46,0.591
"Reference: Fixed, Report: Day of week",2021-11-12,2294.6,38.2433333333333,0.637388888888889
"Reference: Fixed, Report: Day of week",2021-11-13,2077.9,34.6316666666667,0.577194444444444
"Reference: Fixed, Report: Day of week",2021-11-14,1882.6,31.3766666666667,0.522944444444445
"Reference: Fixed, Report: Day of week",2021-11-15,1903.2,31.72,0.528666666666667
"Reference: Fixed, Report: Day of week",2021-11-16,1956.9,32.615,0.543583333333333
"Reference: Fixed, Report: Day of week",2021-11-17,2013.2,33.5533333333333,0.559222222222222
"Reference: Fixed, Report: Day of week",2021-11-18,2043,34.05,0.5675
"Reference: Fixed, Report: Day of week",2021-11-19,2051.8,34.1966666666667,0.569944444444445
"Reference: Fixed, Report: Day of week",2021-11-20,2698.9,44.9816666666667,0.749694444444445
"Reference: Fixed, Report: Day of week",2021-11-21,2339.8,38.9966666666667,0.649944444444445
"Reference: Fixed, Report: Day of week",2021-11-22,2089.3,34.8216666666667,0.580361111111111
"Reference: Fixed, Report: Day of week",2021-11-23,1772.9,29.5483333333333,0.492472222222222
"Reference: Fixed, Report: Day of week",2021-11-24,2056.7,34.2783333333333,0.571305555555556
"Reference: Fixed, Report: Day of week",2021-11-25,1593.1,26.5516666666667,0.442527777777778
"Reference: Fixed, Report: Day of week",2021-11-26,3455.6,57.5933333333333,0.959888888888889
"Reference: Fixed, Report: Day of week",2021-11-27,2366.7,39.445,0.657416666666667
"Reference: Fixed, Report: Day of week",2021-11-28,1446.8,24.1133333333333,0.401888888888889
"Reference: Fixed, Report: Day of week",2021-11-29,1479.4,24.6566666666667,0.410944444444444
"Reference: Fixed, Report: Day of week",2021-11-30,1516.7,25.2783333333333,0.421305555555556
"Reference: Fixed, Report: Day of week",2021-12-01,1562.4,26.04,0.434
"Reference: Fixed, Report: Day of week",2021-12-02,1748.2,29.1366666666667,0.485611111111111
"Reference: Fixed, Report: Day of week",2021-12-03,2325.6,38.76,0.646
"Reference: Fixed, Report: Day of week",2021-12-04,2572.7,42.8783333333333,0.714638888888889
"Reference: Fixed, Report: Day of week",2021-12-05,1386.5,23.1083333333333,0.385138888888889
"Reference: Fixed, Report: Day of week",2021-12-06,1430.3,23.8383333333333,0.397305555555556
"Reference: Fixed, Report: Day of week",2021-12-07,1579,26.3166666666667,0.438611111111111
"Reference: Fixed, Report: Day of week",2021-12-08,2764.6,46.0766666666667,0.767944444444444
"Reference: Fixed, Report: Day of week",2021-12-09,1565.3,26.0883333333333,0.434805555555556
"Reference: Fixed, Report: Day of week",2021-12-10,1845.4,30.7566666666667,0.512611111111111
"Reference: Fixed, Report: Day of week",2021-12-11,1973.2,32.8866666666667,0.548111111111111
"Reference: Fixed, Report: Day of week",2021-12-12,1756.5,29.275,0.487916666666667
"Reference: Fixed, Report: Day of week",2021-12-13,1544.8,25.7466666666667,0.429111111111111
"Reference: Fixed, Report: Day of week",2021-12-14,1810,30.1666666666667,0.502777777777778
"Reference: Fixed, Report: Day of week",2021-12-15,1770,29.5,0.491666666666667
"Reference: Fixed, Report: Day of week",2021-12-16,3016.2,50.27,0.837833333333333
"Reference: Fixed, Report: Day of week",2021-12-17,2900.8,48.3466666666667,0.805777777777778
"Reference: Fixed, Report: Day of week",2021-12-18,1488.3,24.805,0.413416666666667
"Reference: Fixed, Report: Day of week",2021-12-19,2864.8,47.7466666666667,0.795777777777778
"Reference: Fixed, Report: Day of week",2021-12-20,3004.2,50.07,0.8345
"Reference: Fixed, Report: Day of week",2021-12-21,2005.2,33.42,0.557
"Reference: Fixed, Report: Day of week",2021-12-22,1635.4,27.2566666666667,0.454277777777778
"Reference: Fixed, Report: Day of week",2021-12-23,2813.9,46.8983333333333,0.781638888888889
"Reference: Fixed, Report: Day of week",2021-12-24,1702.8,28.38,0.473
"Reference: Fixed, Report: Day of week",2021-12-25,1548.5,25.8083333333333,0.430138888888889
"Reference: Fixed, Report: Day of week",2021-12-26,1553.3,25.8883333333333,0.431472222222222
"Reference: Fixed, Report: Day of week",2021-12-27,2185.7,36.4283333333333,0.607138888888889
"Reference: Fixed, Report: Day of week",2021-12-28,1873.1,31.2183333333333,0.520305555555555
"Reference: Fixed, Report: Day of week",2021-12-29,3350.7,55.845,0.93075
"Reference: Fixed, Report: Day of week",2021-12-30,1566.3,26.105,0.435083333333333
"Reference: Fixed, Report: Day of week",2021-12-31,2803.6,46.7266666666667,0.778777777777778
"Reference: Fixed, Report: Day of week",2022-01-01,2801.6,46.6933333333333,0.778222222222222
"Reference: Fixed, Report: Day of week",2022-01-02,2932.9,48.8816666666667,0.814694444444445
"Reference: Fixed, Report: Day of week",2022-01-03,1516.6,25.2766666666667,0.421277777777778
"Reference: Fixed, Report: Day of week",2022-01-04,1888.9,31.4816666666667,0.524694444444445
"Reference: Fixed, Report: Day of week",2022-01-05,1631.4,27.19,0.453166666666667
"Reference: Fixed, Report: Day of week",2022-01-06,1676.9,27.9483333333333,0.465805555555556
"Reference: Fixed, Report: Day of week",2022-01-07,2256.3,37.605,0.62675
"Reference: Fixed, Report: Day of week",2022-01-08,1759.6,29.3266666666667,0.488777777777778
"Reference: Fixed, Report: Day of week",2022-01-09,1821.4,30.3566666666667,0.505944444444445
"Reference: Fixed, Report: Day of week",2022-01-10,2650.5,44.175,0.73625
"Reference: Fixed, Report: Day of week",2022-01-11,2005.2,33.42,0.557
"Reference: Fixed, Report: Day of week",2022-01-12,2646.1,44.1016666666667,0.735027777777778
"Reference: Fixed, Report: Day of week",2022-01-13,2847.2,47.4533333333333,0.790888888888889
"Reference: Fixed, Report: Day of week",2022-01-14,2402,40.0333333333333,0.667222222222222
"Reference: Fixed, Report: Day of week",2022-01-15,1522.5,25.375,0.422916666666667
"Reference: Fixed, Report: Day of week",2022-01-16,1709.6,28.4933333333333,0.474888888888889
"Reference: Fixed, Report: Day of week",2022-01-17,3195.8,53.2633333333333,0.887722222222222
"Reference: Fixed, Report: Day of week",2022-01-18,2336.5,38.9416666666667,0.649027777777778
"Reference: Fixed, Report: Day of week",2022-01-19,1524.1,25.4016666666667,0.423361111111111
"Reference: Fixed, Report: Day of week",2022-01-20,2337.1,38.9516666666667,0.649194444444445
"Reference: Fixed, Report: Day of week",2022-01-21,2684.4,44.74,0.745666666666667
"Reference: Fixed, Report: Day of week",2022-01-22,2716.5,45.275,0.754583333333333
"Reference: Fixed, Report: Day of week",2022-01-23,2896.3,48.2716666666667,0.804527777777778
"Reference: Fixed, Report: Day of week",2022-01-24,2879.8,47.9966666666667,0.799944444444444
"Reference: Fixed, Report: Day of week",2022-01-25,2571.3,42.855,0.71425
"Reference: Fixed, Report: Day of week",2022-01-26,2704.8,45.08,0.751333333333333
"Reference: Fixed, Report: Day of week",2022-01-27,2641.1,44.0183333333333,0.733638888888889
"Reference: Fixed, Report: Day of week",2022-01-28,2586.6,43.11,0.7185
"Reference: Fixed, Report: Day of week",2022-01-29,2611.2,43.52,0.725333333333333
"Reference: Fixed, Report: Day of week",2022-01-30,2325.2,38.7533333333333,0.645888888888889
"Reference: Fixed, Report: Day of week",2022-01-31,1507.2,25.12,0.418666666666667
"Reference: Age, Report: Day of week",2021-10-01,1990.2,33.17,0.552833333333333
"Reference: Age, Report: Day of week",2021-10-02,1993.5,33.225,0.55375
"Reference: Age, Report: Day of week",2021-10-03,1959.5,32.6583333333333,0.544305555555556
"Reference: Age, Report: Day of week",2021-10-04,1939.7,32.3283333333333,0.538805555555556
"Reference: Age, Report: Day of week",2021-10-05,1895.5,31.5916666666667,0.526527777777778
"Reference: Age, Report: Day of week",2021-10-06,1981.4,33.0233333333333,0.550388888888889
"Reference: Age, Report: Day of week",2021-10-07,1968.9,32.815,0.546916666666667
"Reference: Age, Report: Day of week",2021-10-08,2126.9,35.4483333333333,0.590805555555556
"Reference: Age, Report: Day of week",2021-10-09,2081.1,34.685,0.578083333333333
"Reference: Age, Report: Day of week",2021-10-10,2044.6,34.0766666666667,0.567944444444445
"Reference: Age, Report: Day of week",2021-10-11,2021.5,33.6916666666667,0.561527777777778
"Reference: Age, Report: Day of week",2021-10-12,1977.6,32.96,0.549333333333333
"Reference: Age, Report: Day of week",2021-10-13,2031.4,33.8566666666667,0.564277777777778
"Reference: Age, Report: Day of week",2021-10-14,2039.6,33.9933333333333,0.566555555555556
"Reference: Age, Report: Day of week",2021-10-15,1992.4,33.2066666666667,0.553444444444445
"Reference: Age, Report: Day of week",2021-10-16,2011.5,33.525,0.55875
"Reference: Age, Report: Day of week",2021-10-17,2017,33.6166666666667,0.560277777777778
"Reference: Age, Report: Day of week",2021-10-18,2026.4,33.7733333333333,0.562888888888889
"Reference: Age, Report: Day of week",2021-10-19,2024.7,33.745,0.562416666666667
"Reference: Age, Report: Day of week",2021-10-20,2024.2,33.7366666666667,0.562277777777778
"Reference: Age, Report: Day of week",2021-10-21,1982.1,33.035,0.550583333333333
"Reference: Age, Report: Day of week",2021-10-22,2067,34.45,0.574166666666667
"Reference: Age, Report: Day of week",2021-10-23,2029.2,33.82,0.563666666666667
"Reference: Age, Report: Day of week",2021-10-24,2027.5,33.7916666666667,0.563194444444445
"Reference: Age, Report: Day of week",2021-10-25,2027.9,33.7983333333333,0.563305555555556
"Reference: Age, Report: Day of week",2021-10-26,2021.5,33.6916666666667,0.561527777777778
"Reference: Age, Report: Day of week",2021-10-27,2023.1,33.7183333333333,0.561972222222222
"Reference: Age, Report: Day of week",2021-10-28,2044.1,34.0683333333333,0.567805555555556
"Reference: Age, Report: Day of week",2021-10-29,2034.4,33.9066666666667,0.565111111111111
"Reference: Age, Report: Day of week",2021-10-30,2030.1,33.835,0.563916666666667
"Reference: Age, Report: Day of week",2021-10-31,1931.4,32.19,0.5365
"Reference: Age, Report: Day of week",2021-11-01,2216.3,36.9383333333333,0.615638888888889
"Reference: Age, Report: Day of week",2021-11-02,2691.4,44.8566666666667,0.747611111111111
"Reference: Age, Report: Day of week",2021-11-03,2232.5,37.2083333333333,0.620138888888889
"Reference: Age, Report: Day of week",2021-11-04,2411.7,40.195,0.669916666666667
"Reference: Age, Report: Day of week",2021-11-05,2069.8,34.4966666666667,0.574944444444444
"Reference: Age, Report: Day of week",2021-11-06,2043.3,34.055,0.567583333333333
"Reference: Age, Report: Day of week",2021-11-07,2014.9,33.5816666666667,0.559694444444444
"Reference: Age, Report: Day of week",2021-11-08,1980.3,33.005,0.550083333333333
"Reference: Age, Report: Day of week",2021-11-09,2042.5,34.0416666666667,0.567361111111111
"Reference: Age, Report: Day of week",2021-11-10,2087.6,34.7933333333333,0.579888888888889
"Reference: Age, Report: Day of week",2021-11-11,2043.1,34.0516666666667,0.567527777777778
"Reference: Age, Report: Day of week",2021-11-12,2066.2,34.4366666666667,0.573944444444444
"Reference: Age, Report: Day of week",2021-11-13,2530.6,42.1766666666667,0.702944444444444
"Reference: Age, Report: Day of week",2021-11-14,2032.6,33.8766666666667,0.564611111111111
"Reference: Age, Report: Day of week",2021-11-15,2071.7,34.5283333333333,0.575472222222222
"Reference: Age, Report: Day of week",2021-11-16,2026.9,33.7816666666667,0.563027777777778
"Reference: Age, Report: Day of week",2021-11-17,2209.4,36.8233333333333,0.613722222222222
"Reference: Age, Report: Day of week",2021-11-18,2146.6,35.7766666666667,0.596277777777778
"Reference: Age, Report: Day of week",2021-11-19,2900.1,48.335,0.805583333333333
"Reference: Age, Report: Day of week",2021-11-20,2845.3,47.4216666666667,0.790361111111111
"Reference: Age, Report: Day of week",2021-11-21,2668.1,44.4683333333333,0.741138888888889
"Reference: Age, Report: Day of week",2021-11-22,2711.6,45.1933333333333,0.753222222222222
"Reference: Age, Report: Day of week",2021-11-23,1911.2,31.8533333333333,0.530888888888889
"Reference: Age, Report: Day of week",2021-11-24,2164.8,36.08,0.601333333333333
"Reference: Age, Report: Day of week",2021-11-25,2167.2,36.12,0.602
"Reference: Age, Report: Day of week",2021-11-26,3888.5,64.8083333333333,1.08013888888889
"Reference: Age, Report: Day of week",2021-11-27,2555.1,42.585,0.70975
"Reference: Age, Report: Day of week",2021-11-28,1558.7,25.9783333333333,0.432972222222222
"Reference: Age, Report: Day of week",2021-11-29,1440.2,24.0033333333333,0.400055555555556
"Reference: Age, Report: Day of week",2021-11-30,2168.9,36.1483333333333,0.602472222222222
"Reference: Age, Report: Day of week",2021-12-01,1526.4,25.44,0.424
"Reference: Age, Report: Day of week",2021-12-02,2123.9,35.3983333333333,0.589972222222222
"Reference: Age, Report: Day of week",2021-12-03,2716.4,45.2733333333333,0.754555555555556
"Reference: Age, Report: Day of week",2021-12-04,2973.3,49.555,0.825916666666667
"Reference: Age, Report: Day of week",2021-12-05,2059.3,34.3216666666667,0.572027777777778
"Reference: Age, Report: Day of week",2021-12-06,1870,31.1666666666667,0.519444444444445
"Reference: Age, Report: Day of week",2021-12-07,1812.2,30.2033333333333,0.503388888888889
"Reference: Age, Report: Day of week",2021-12-08,3458.7,57.645,0.96075
"Reference: Age, Report: Day of week",2021-12-09,2150.4,35.84,0.597333333333333
"Reference: Age, Report: Day of week",2021-12-10,1786.2,29.77,0.496166666666667
"Reference: Age, Report: Day of week",2021-12-11,2282.1,38.035,0.633916666666667
"Reference: Age, Report: Day of week",2021-12-12,2312.8,38.5466666666667,0.642444444444445
"Reference: Age, Report: Day of week",2021-12-13,1756.5,29.275,0.487916666666667
"Reference: Age, Report: Day of week",2021-12-14,2097.3,34.955,0.582583333333334
"Reference: Age, Report: Day of week",2021-12-15,2019.3,33.655,0.560916666666667
"Reference: Age, Report: Day of week",2021-12-16,3512.4,58.54,0.975666666666667
"Reference: Age, Report: Day of week",2021-12-17,3697.8,61.63,1.02716666666667
"Reference: Age, Report: Day of week",2021-12-18,2640.3,44.005,0.733416666666667
"Reference: Age, Report: Day of week",2021-12-19,3912.9,65.215,1.08691666666667
"Reference: Age, Report: Day of week",2021-12-20,3520.2,58.67,0.977833333333333
"Reference: Age, Report: Day of week",2021-12-21,2770.8,46.18,0.769666666666667
"Reference: Age, Report: Day of week",2021-12-22,1788.9,29.815,0.496916666666667
"Reference: Age, Report: Day of week",2021-12-23,3033.7,50.5616666666667,0.842694444444444
"Reference: Age, Report: Day of week",2021-12-24,2093.6,34.8933333333333,0.581555555555556
"Reference: Age, Report: Day of week",2021-12-25,1977,32.95,0.549166666666667
"Reference: Age, Report: Day of week",2021-12-26,2289.9,38.165,0.636083333333333
"Reference: Age, Report: Day of week",2021-12-27,4224.8,70.4133333333333,1.17355555555556
"Reference: Age, Report: Day of week",2021-12-28,2874.2,47.9033333333333,0.798388888888889
"Reference: Age, Report: Day of week",2021-12-29,4208.5,70.1416666666667,1.16902777777778
"Reference: Age, Report: Day of week",2021-12-30,2447.5,40.7916666666667,0.679861111111111
"Reference: Age, Report: Day of week",2021-12-31,4454.6,74.2433333333333,1.23738888888889
"Reference: Age, Report: Day of week",2022-01-01,4255.8,70.93,1.18216666666667
"Reference: Age, Report: Day of week",2022-01-02,4235.9,70.5983333333333,1.17663888888889
"Reference: Age, Report: Day of week",2022-01-03,3255.2,54.2533333333333,0.904222222222222
"Reference: Age, Report: Day of week",2022-01-04,2769.3,46.155,0.76925
"Reference: Age, Report: Day of week",2022-01-05,2315.9,38.5983333333333,0.643305555555556
"Reference: Age, Report: Day of week",2022-01-06,2054.4,34.24,0.570666666666667
"Reference: Age, Report: Day of week",2022-01-07,4937.1,82.285,1.37141666666667
"Reference: Age, Report: Day of week",2022-01-08,2324.1,38.735,0.645583333333333
"Reference: Age, Report: Day of week",2022-01-09,2891.4,48.19,0.803166666666667
"Reference: Age, Report: Day of week",2022-01-10,4122.9,68.715,1.14525
"Reference: Age, Report: Day of week",2022-01-11,3196.3,53.2716666666667,0.887861111111111
"Reference: Age, Report: Day of week",2022-01-12,3910.9,65.1816666666667,1.08636111111111
"Reference: Age, Report: Day of week",2022-01-13,4211.8,70.1966666666667,1.16994444444444
"Reference: Age, Report: Day of week",2022-01-14,3240,54,0.9
"Reference: Age, Report: Day of week",2022-01-15,1691.1,28.185,0.46975
"Reference: Age, Report: Day of week",2022-01-16,2006,33.4333333333333,0.557222222222222
"Reference: Age, Report: Day of week",2022-01-17,3624.8,60.4133333333333,1.00688888888889
"Reference: Age, Report: Day of week",2022-01-18,5640.8,94.0133333333333,1.56688888888889
"Reference: Age, Report: Day of week",2022-01-19,1697.5,28.2916666666667,0.471527777777778
"Reference: Age, Report: Day of week",2022-01-20,4132.8,68.88,1.148
"Reference: Age, Report: Day of week",2022-01-21,3035.7,50.595,0.84325
"Reference: Age, Report: Day of week",2022-01-22,3154.1,52.5683333333333,0.876138888888889
"Reference: Age, Report: Day of week",2022-01-23,3305.8,55.0966666666667,0.918277777777778
"Reference: Age, Report: Day of week",2022-01-24,3261.9,54.365,0.906083333333333
"Reference: Age, Report: Day of week",2022-01-25,2785.3,46.4216666666667,0.773694444444445
"Reference: Age, Report: Day of week",2022-01-26,2953.5,49.225,0.820416666666667
"Reference: Age, Report: Day of week",2022-01-27,2934,48.9,0.815
"Reference: Age, Report: Day of week",2022-01-28,3015.5,50.2583333333333,0.837638888888889
"Reference: Age, Report: Day of week",2022-01-29,2927.1,48.785,0.813083333333333
"Reference: Age, Report: Day of week",2022-01-30,3139.5,52.325,0.872083333333334
"Reference: Age, Report: Day of week",2022-01-31,1446.7,24.1116666666667,0.401861111111111
"Reference: Age and week, Report: Day of week",2021-10-01,3940.2,65.67,1.0945
"Reference: Age and week, Report: Day of week",2021-10-02,3946.2,65.77,1.09616666666667
"Reference: Age and week, Report: Day of week",2021-10-03,3955.8,65.93,1.09883333333333
"Reference: Age and week, Report: Day of week",2021-10-04,3852.6,64.21,1.07016666666667
"Reference: Age and week, Report: Day of week",2021-10-05,3905.7,65.095,1.08491666666667
"Reference: Age and week, Report: Day of week",2021-10-06,3599.4,59.99,0.999833333333333
"Reference: Age and week, Report: Day of week",2021-10-07,3661,61.0166666666667,1.01694444444444
"Reference: Age and week, Report: Day of week",2021-10-08,4420.3,73.6716666666667,1.22786111111111
"Reference: Age and week, Report: Day of week",2021-10-09,3454.5,57.575,0.959583333333333
"Reference: Age and week, Report: Day of week",2021-10-10,3422.2,57.0366666666667,0.950611111111111
"Reference: Age and week, Report: Day of week",2021-10-11,3328,55.4666666666667,0.924444444444445
"Reference: Age and week, Report: Day of week",2021-10-12,3358.8,55.98,0.933
"Reference: Age and week, Report: Day of week",2021-10-13,2947.7,49.1283333333333,0.818805555555555
"Reference: Age and week, Report: Day of week",2021-10-14,3160.3,52.6716666666667,0.877861111111111
"Reference: Age and week, Report: Day of week",2021-10-15,3943.8,65.73,1.0955
"Reference: Age and week, Report: Day of week",2021-10-16,3940.3,65.6716666666667,1.09452777777778
"Reference: Age and week, Report: Day of week",2021-10-17,3913.2,65.22,1.087
"Reference: Age and week, Report: Day of week",2021-10-18,3909.6,65.16,1.086
"Reference: Age and week, Report: Day of week",2021-10-19,3928.2,65.47,1.09116666666667
"Reference: Age and week, Report: Day of week",2021-10-20,3643.8,60.73,1.01216666666667
"Reference: Age and week, Report: Day of week",2021-10-21,3653,60.8833333333333,1.01472222222222
"Reference: Age and week, Report: Day of week",2021-10-22,3954.9,65.915,1.09858333333333
"Reference: Age and week, Report: Day of week",2021-10-23,3958.1,65.9683333333333,1.09947222222222
"Reference: Age and week, Report: Day of week",2021-10-24,3978.3,66.305,1.10508333333333
"Reference: Age and week, Report: Day of week",2021-10-25,3906.6,65.11,1.08516666666667
"Reference: Age and week, Report: Day of week",2021-10-26,3964.8,66.08,1.10133333333333
"Reference: Age and week, Report: Day of week",2021-10-27,3643,60.7166666666667,1.01194444444444
"Reference: Age and week, Report: Day of week",2021-10-28,3674.1,61.235,1.02058333333333
"Reference: Age and week, Report: Day of week",2021-10-29,4101.5,68.3583333333333,1.13930555555556
"Reference: Age and week, Report: Day of week",2021-10-30,4087.9,68.1316666666667,1.13552777777778
"Reference: Age and week, Report: Day of week",2021-10-31,4030.4,67.1733333333333,1.11955555555556
"Reference: Age and week, Report: Day of week",2021-11-01,7139.1,118.985,1.98308333333333
"Reference: Age and week, Report: Day of week",2021-11-02,7912.8,131.88,2.198
"Reference: Age and week, Report: Day of week",2021-11-03,6357.3,105.955,1.76591666666667
"Reference: Age and week, Report: Day of week",2021-11-04,6291.9,104.865,1.74775
"Reference: Age and week, Report: Day of week",2021-11-05,3550,59.1666666666667,0.986111111111111
"Reference: Age and week, Report: Day of week",2021-11-06,3591.7,59.8616666666667,0.997694444444445
"Reference: Age and week, Report: Day of week",2021-11-07,3604.8,60.08,1.00133333333333
"Reference: Age and week, Report: Day of week",2021-11-08,3624.7,60.4116666666667,1.00686111111111
"Reference: Age and week, Report: Day of week",2021-11-09,3605,60.0833333333333,1.00138888888889
"Reference: Age and week, Report: Day of week",2021-11-10,3333.2,55.5533333333333,0.925888888888889
"Reference: Age and week, Report: Day of week",2021-11-11,3730.8,62.18,1.03633333333333
"Reference: Age and week, Report: Day of week",2021-11-12,3595,59.9166666666667,0.998611111111111
"Reference: Age and week, Report: Day of week",2021-11-13,5353,89.2166666666667,1.48694444444444
"Reference: Age and week, Report: Day of week",2021-11-14,5134.6,85.5766666666667,1.42627777777778
"Reference: Age and week, Report: Day of week",2021-11-15,5257.9,87.6316666666667,1.46052777777778
"Reference: Age and week, Report: Day of week",2021-11-16,5640.5,94.0083333333333,1.56680555555556
"Reference: Age and week, Report: Day of week",2021-11-17,4927.3,82.1216666666667,1.36869444444444
"Reference: Age and week, Report: Day of week",2021-11-18,4980.1,83.0016666666667,1.38336111111111
"Reference: Age and week, Report: Day of week",2021-11-19,5331,88.85,1.48083333333333
"Reference: Age and week, Report: Day of week",2021-11-20,6147,102.45,1.7075
"Reference: Age and week, Report: Day of week",2021-11-21,2341,39.0166666666667,0.650277777777778
"Reference: Age and week, Report: Day of week",2021-11-22,2658.2,44.3033333333333,0.738388888888889
"Reference: Age and week, Report: Day of week",2021-11-23,2612.3,43.5383333333333,0.725638888888889
"Reference: Age and week, Report: Day of week",2021-11-24,3470.8,57.8466666666667,0.964111111111111
"Reference: Age and week, Report: Day of week",2021-11-25,2984.8,49.7466666666667,0.829111111111111
"Reference: Age and week, Report: Day of week",2021-11-26,8310.8,138.513333333333,2.30855555555556
"Reference: Age and week, Report: Day of week",2021-11-27,5117.7,85.295,1.42158333333333
"Reference: Age and week, Report: Day of week",2021-11-28,3282.4,54.7066666666667,0.911777777777778
"Reference: Age and week, Report: Day of week",2021-11-29,2627,43.7833333333333,0.729722222222222
"Reference: Age and week, Report: Day of week",2021-11-30,3376.6,56.2766666666667,0.937944444444444
"Reference: Age and week, Report: Day of week",2021-12-01,2696.3,44.9383333333333,0.748972222222222
"Reference: Age and week, Report: Day of week",2021-12-02,4416.5,73.6083333333333,1.22680555555556
"Reference: Age and week, Report: Day of week",2021-12-03,4281.4,71.3566666666667,1.18927777777778
"Reference: Age and week, Report: Day of week",2021-12-04,4770.6,79.51,1.32516666666667
"Reference: Age and week, Report: Day of week",2021-12-05,2732.2,45.5366666666667,0.758944444444444
"Reference: Age and week, Report: Day of week",2021-12-06,3174.6,52.91,0.881833333333333
"Reference: Age and week, Report: Day of week",2021-12-07,3734.7,62.245,1.03741666666667
"Reference: Age and week, Report: Day of week",2021-12-08,5024.7,83.745,1.39575
"Reference: Age and week, Report: Day of week",2021-12-09,3188.5,53.1416666666667,0.885694444444444
"Reference: Age and week, Report: Day of week",2021-12-10,4100.3,68.3383333333334,1.13897222222222
"Reference: Age and week, Report: Day of week",2021-12-11,4018.6,66.9766666666667,1.11627777777778
"Reference: Age and week, Report: Day of week",2021-12-12,4212.9,70.215,1.17025
"Reference: Age and week, Report: Day of week",2021-12-13,3778.4,62.9733333333333,1.04955555555556
"Reference: Age and week, Report: Day of week",2021-12-14,3636.6,60.61,1.01016666666667
"Reference: Age and week, Report: Day of week",2021-12-15,4028.6,67.1433333333333,1.11905555555556
"Reference: Age and week, Report: Day of week",2021-12-16,6162.1,102.701666666667,1.71169444444444
"Reference: Age and week, Report: Day of week",2021-12-17,5896.6,98.2766666666667,1.63794444444444
"Reference: Age and week, Report: Day of week",2021-12-18,3943.1,65.7183333333333,1.09530555555556
"Reference: Age and week, Report: Day of week",2021-12-19,6286.6,104.776666666667,1.74627777777778
"Reference: Age and week, Report: Day of week",2021-12-20,6895.3,114.921666666667,1.91536111111111
"Reference: Age and week, Report: Day of week",2021-12-21,5440.5,90.675,1.51125
"Reference: Age and week, Report: Day of week",2021-12-22,3244.6,54.0766666666667,0.901277777777778
"Reference: Age and week, Report: Day of week",2021-12-23,5397.1,89.9516666666667,1.49919444444444
"Reference: Age and week, Report: Day of week",2021-12-24,3687.8,61.4633333333334,1.02438888888889
"Reference: Age and week, Report: Day of week",2021-12-25,4617.5,76.9583333333333,1.28263888888889
"Reference: Age and week, Report: Day of week",2021-12-26,5122.4,85.3733333333333,1.42288888888889
"Reference: Age and week, Report: Day of week",2021-12-27,6657.4,110.956666666667,1.84927777777778
"Reference: Age and week, Report: Day of week",2021-12-28,5846.5,97.4416666666667,1.62402777777778
"Reference: Age and week, Report: Day of week",2021-12-29,8137.1,135.618333333333,2.26030555555556
"Reference: Age and week, Report: Day of week",2021-12-30,4539.5,75.6583333333333,1.26097222222222
"Reference: Age and week, Report: Day of week",2021-12-31,8559.7,142.661666666667,2.37769444444445
"Reference: Age and week, Report: Day of week",2022-01-01,12746.6,212.443333333333,3.54072222222222
"Reference: Age and week, Report: Day of week",2022-01-02,9111.7,151.861666666667,2.53102777777778
"Reference: Age and week, Report: Day of week",2022-01-03,5182.8,86.38,1.43966666666667
"Reference: Age and week, Report: Day of week",2022-01-04,5143.4,85.7233333333333,1.42872222222222
"Reference: Age and week, Report: Day of week",2022-01-05,5075.7,84.595,1.40991666666667
"Reference: Age and week, Report: Day of week",2022-01-06,7726.9,128.781666666667,2.14636111111111
"Reference: Age and week, Report: Day of week",2022-01-07,10148.4,169.14,2.819
"Reference: Age and week, Report: Day of week",2022-01-08,5318.7,88.645,1.47741666666667
"Reference: Age and week, Report: Day of week",2022-01-09,4245.5,70.7583333333334,1.17930555555556
"Reference: Age and week, Report: Day of week",2022-01-10,8730.7,145.511666666667,2.42519444444444
"Reference: Age and week, Report: Day of week",2022-01-11,8079.9,134.665,2.24441666666667
"Reference: Age and week, Report: Day of week",2022-01-12,6851.2,114.186666666667,1.90311111111111
"Reference: Age and week, Report: Day of week",2022-01-13,8282.4,138.04,2.30066666666667
"Reference: Age and week, Report: Day of week",2022-01-14,5734.4,95.5733333333333,1.59288888888889
"Reference: Age and week, Report: Day of week",2022-01-15,3411.3,56.855,0.947583333333333
"Reference: Age and week, Report: Day of week",2022-01-16,4827,80.45,1.34083333333333
"Reference: Age and week, Report: Day of week",2022-01-17,7306.1,121.768333333333,2.02947222222222
"Reference: Age and week, Report: Day of week",2022-01-18,10752.3,179.205,2.98675
"Reference: Age and week, Report: Day of week",2022-01-19,3329.1,55.485,0.92475
"Reference: Age and week, Report: Day of week",2022-01-20,6134.4,102.24,1.704
"Reference: Age and week, Report: Day of week",2022-01-21,5834.5,97.2416666666667,1.62069444444444
"Reference: Age and week, Report: Day of week",2022-01-22,6201.2,103.353333333333,1.72255555555556
"Reference: Age and week, Report: Day of week",2022-01-23,6698.1,111.635,1.86058333333333
"Reference: Age and week, Report: Day of week",2022-01-24,7457.7,124.295,2.07158333333333
"Reference: Age and week, Report: Day of week",2022-01-25,4364.1,72.735,1.21225
"Reference: Age and week, Report: Day of week",2022-01-26,4611.2,76.8533333333333,1.28088888888889
"Reference: Age and week, Report: Day of week",2022-01-27,5499,91.65,1.5275
"Reference: Age and week, Report: Day of week",2022-01-28,5803.6,96.7266666666667,1.61211111111111
"Reference: Age and week, Report: Day of week",2022-01-29,6060.4,101.006666666667,1.68344444444444
"Reference: Age and week, Report: Day of week",2022-01-30,5935.6,98.9266666666667,1.64877777777778
"Reference: Age and week, Report: Day of week",2022-01-31,4386.9,73.115,1.21858333333333
"Reference: Age and week by age, Report: Day of week",2021-10-01,3973.7,66.2283333333333,1.10380555555556
"Reference: Age and week by age, Report: Day of week",2021-10-02,4140.1,69.0016666666667,1.15002777777778
"Reference: Age and week by age, Report: Day of week",2021-10-03,4203.1,70.0516666666667,1.16752777777778
"Reference: Age and week by age, Report: Day of week",2021-10-04,4323.2,72.0533333333333,1.20088888888889
"Reference: Age and week by age, Report: Day of week",2021-10-05,4234,70.5666666666667,1.17611111111111
"Reference: Age and week by age, Report: Day of week",2021-10-06,3767.8,62.7966666666667,1.04661111111111
"Reference: Age and week by age, Report: Day of week",2021-10-07,2844,47.4,0.79
"Reference: Age and week by age, Report: Day of week",2021-10-08,4811.7,80.195,1.33658333333333
"Reference: Age and week by age, Report: Day of week",2021-10-09,4766.1,79.435,1.32391666666667
"Reference: Age and week by age, Report: Day of week",2021-10-10,4707.3,78.455,1.30758333333333
"Reference: Age and week by age, Report: Day of week",2021-10-11,5726.2,95.4366666666667,1.59061111111111
"Reference: Age and week by age, Report: Day of week",2021-10-12,4700.4,78.34,1.30566666666667
"Reference: Age and week by age, Report: Day of week",2021-10-13,4120.3,68.6716666666667,1.14452777777778
"Reference: Age and week by age, Report: Day of week",2021-10-14,5645.2,94.0866666666667,1.56811111111111
"Reference: Age and week by age, Report: Day of week",2021-10-15,3867.9,64.465,1.07441666666667
"Reference: Age and week by age, Report: Day of week",2021-10-16,3979,66.3166666666667,1.10527777777778
"Reference: Age and week by age, Report: Day of week",2021-10-17,3782,63.0333333333333,1.05055555555556
"Reference: Age and week by age, Report: Day of week",2021-10-18,3796.9,63.2816666666667,1.05469444444444
"Reference: Age and week by age, Report: Day of week",2021-10-19,3926.4,65.44,1.09066666666667
"Reference: Age and week by age, Report: Day of week",2021-10-20,3033.6,50.56,0.842666666666667
"Reference: Age and week by age, Report: Day of week",2021-10-21,2371.8,39.53,0.658833333333333
"Reference: Age and week by age, Report: Day of week",2021-10-22,3843.6,64.06,1.06766666666667
"Reference: Age and week by age, Report: Day of week",2021-10-23,3978.7,66.3116666666667,1.10519444444444
"Reference: Age and week by age, Report: Day of week",2021-10-24,3986.6,66.4433333333333,1.10738888888889
"Reference: Age and week by age, Report: Day of week",2021-10-25,4096.9,68.2816666666667,1.13802777777778
"Reference: Age and week by age, Report: Day of week",2021-10-26,4158.4,69.3066666666667,1.15511111111111
"Reference: Age and week by age, Report: Day of week",2021-10-27,3743.4,62.39,1.03983333333333
"Reference: Age and week by age, Report: Day of week",2021-10-28,3606.4,60.1066666666667,1.00177777777778
"Reference: Age and week by age, Report: Day of week",2021-10-29,4338.9,72.315,1.20525
"Reference: Age and week by age, Report: Day of week",2021-10-30,5115.2,85.2533333333333,1.42088888888889
"Reference: Age and week by age, Report: Day of week",2021-10-31,5173,86.2166666666667,1.43694444444444
"Reference: Age and week by age, Report: Day of week",2021-11-01,4383.1,73.0516666666667,1.21752777777778
"Reference: Age and week by age, Report: Day of week",2021-11-02,5360.3,89.3383333333333,1.48897222222222
"Reference: Age and week by age, Report: Day of week",2021-11-03,3376.9,56.2816666666667,0.938027777777778
"Reference: Age and week by age, Report: Day of week",2021-11-04,2875.3,47.9216666666667,0.798694444444445
"Reference: Age and week by age, Report: Day of week",2021-11-05,5835.3,97.255,1.62091666666667
"Reference: Age and week by age, Report: Day of week",2021-11-06,5850,97.5,1.625
"Reference: Age and week by age, Report: Day of week",2021-11-07,6283.1,104.718333333333,1.74530555555556
"Reference: Age and week by age, Report: Day of week",2021-11-08,5650.5,94.175,1.56958333333333
"Reference: Age and week by age, Report: Day of week",2021-11-09,6055.3,100.921666666667,1.68202777777778
"Reference: Age and week by age, Report: Day of week",2021-11-10,5886.2,98.1033333333333,1.63505555555556
"Reference: Age and week by age, Report: Day of week",2021-11-11,6477.8,107.963333333333,1.79938888888889
"Reference: Age and week by age, Report: Day of week",2021-11-12,9511.4,158.523333333333,2.64205555555556
"Reference: Age and week by age, Report: Day of week",2021-11-13,12002.5,200.041666666667,3.33402777777778
"Reference: Age and week by age, Report: Day of week",2021-11-14,8331.8,138.863333333333,2.31438888888889
"Reference: Age and week by age, Report: Day of week",2021-11-15,8092.5,134.875,2.24791666666667
"Reference: Age and week by age, Report: Day of week",2021-11-16,8484.2,141.403333333333,2.35672222222222
"Reference: Age and week by age, Report: Day of week",2021-11-17,10583.2,176.386666666667,2.93977777777778
"Reference: Age and week by age, Report: Day of week",2021-11-18,11426.2,190.436666666667,3.17394444444444
"Reference: Age and week by age, Report: Day of week",2021-11-19,10461.6,174.36,2.906
"Reference: Age and week by age, Report: Day of week",2021-11-20,9500,158.333333333333,2.63888888888889
"Reference: Age and week by age, Report: Day of week",2021-11-21,7222,120.366666666667,2.00611111111111
"Reference: Age and week by age, Report: Day of week",2021-11-22,7882.7,131.378333333333,2.18963888888889
"Reference: Age and week by age, Report: Day of week",2021-11-23,3418,56.9666666666667,0.949444444444444
"Reference: Age and week by age, Report: Day of week",2021-11-24,3639.2,60.6533333333333,1.01088888888889
"Reference: Age and week by age, Report: Day of week",2021-11-25,3411.1,56.8516666666667,0.947527777777778
"Reference: Age and week by age, Report: Day of week",2021-11-26,8582.1,143.035,2.38391666666667
"Reference: Age and week by age, Report: Day of week",2021-11-27,5807.6,96.7933333333333,1.61322222222222
"Reference: Age and week by age, Report: Day of week",2021-11-28,2832.3,47.205,0.78675
"Reference: Age and week by age, Report: Day of week",2021-11-29,2870.4,47.84,0.797333333333333
"Reference: Age and week by age, Report: Day of week",2021-11-30,4047.3,67.455,1.12425
"Reference: Age and week by age, Report: Day of week",2021-12-01,2540,42.3333333333333,0.705555555555556
"Reference: Age and week by age, Report: Day of week",2021-12-02,4647.3,77.455,1.29091666666667
"Reference: Age and week by age, Report: Day of week",2021-12-03,4160,69.3333333333333,1.15555555555556
"Reference: Age and week by age, Report: Day of week",2021-12-04,4635.3,77.255,1.28758333333333
"Reference: Age and week by age, Report: Day of week",2021-12-05,2758.4,45.9733333333333,0.766222222222222
"Reference: Age and week by age, Report: Day of week",2021-12-06,3131.8,52.1966666666667,0.869944444444445
"Reference: Age and week by age, Report: Day of week",2021-12-07,3252.3,54.205,0.903416666666667
"Reference: Age and week by age, Report: Day of week",2021-12-08,5336.3,88.9383333333333,1.48230555555556
"Reference: Age and week by age, Report: Day of week",2021-12-09,4019.4,66.99,1.1165
"Reference: Age and week by age, Report: Day of week",2021-12-10,4162.2,69.37,1.15616666666667
"Reference: Age and week by age, Report: Day of week",2021-12-11,3857.5,64.2916666666667,1.07152777777778
"Reference: Age and week by age, Report: Day of week",2021-12-12,4419.1,73.6516666666667,1.22752777777778
"Reference: Age and week by age, Report: Day of week",2021-12-13,4594.9,76.5816666666667,1.27636111111111
"Reference: Age and week by age, Report: Day of week",2021-12-14,4502.1,75.035,1.25058333333333
"Reference: Age and week by age, Report: Day of week",2021-12-15,4068.5,67.8083333333333,1.13013888888889
"Reference: Age and week by age, Report: Day of week",2021-12-16,5586.6,93.11,1.55183333333333
"Reference: Age and week by age, Report: Day of week",2021-12-17,6790.6,113.176666666667,1.88627777777778
"Reference: Age and week by age, Report: Day of week",2021-12-18,4496.3,74.9383333333333,1.24897222222222
"Reference: Age and week by age, Report: Day of week",2021-12-19,6670.9,111.181666666667,1.85302777777778
"Reference: Age and week by age, Report: Day of week",2021-12-20,6166.7,102.778333333333,1.71297222222222
"Reference: Age and week by age, Report: Day of week",2021-12-21,6053.8,100.896666666667,1.68161111111111
"Reference: Age and week by age, Report: Day of week",2021-12-22,3744.8,62.4133333333333,1.04022222222222
"Reference: Age and week by age, Report: Day of week",2021-12-23,5516.9,91.9483333333333,1.53247222222222
"Reference: Age and week by age, Report: Day of week",2021-12-24,4219.7,70.3283333333333,1.17213888888889
"Reference: Age and week by age, Report: Day of week",2021-12-25,4118,68.6333333333333,1.14388888888889
"Reference: Age and week by age, Report: Day of week",2021-12-26,5211.4,86.8566666666667,1.44761111111111
"Reference: Age and week by age, Report: Day of week",2021-12-27,7011.1,116.851666666667,1.94752777777778
"Reference: Age and week by age, Report: Day of week",2021-12-28,5914.4,98.5733333333333,1.64288888888889
"Reference: Age and week by age, Report: Day of week",2021-12-29,8051,134.183333333333,2.23638888888889
"Reference: Age and week by age, Report: Day of week",2021-12-30,3553.4,59.2233333333333,0.987055555555555
"Reference: Age and week by age, Report: Day of week",2021-12-31,8377.6,139.626666666667,2.32711111111111
"Reference: Age and week by age, Report: Day of week",2022-01-01,10468.3,174.471666666667,2.90786111111111
"Reference: Age and week by age, Report: Day of week",2022-01-02,9267.6,154.46,2.57433333333333
"Reference: Age and week by age, Report: Day of week",2022-01-03,5585.7,93.095,1.55158333333333
"Reference: Age and week by age, Report: Day of week",2022-01-04,5313.6,88.56,1.476
"Reference: Age and week by age, Report: Day of week",2022-01-05,5034.9,83.915,1.39858333333333
"Reference: Age and week by age, Report: Day of week",2022-01-06,4553.4,75.89,1.26483333333333
"Reference: Age and week by age, Report: Day of week",2022-01-07,6787,113.116666666667,1.88527777777778
"Reference: Age and week by age, Report: Day of week",2022-01-08,5433,90.55,1.50916666666667
"Reference: Age and week by age, Report: Day of week",2022-01-09,5293.6,88.2266666666667,1.47044444444444
"Reference: Age and week by age, Report: Day of week",2022-01-10,7994.4,133.24,2.22066666666667
"Reference: Age and week by age, Report: Day of week",2022-01-11,8253.6,137.56,2.29266666666667
"Reference: Age and week by age, Report: Day of week",2022-01-12,5413.7,90.2283333333333,1.50380555555556
"Reference: Age and week by age, Report: Day of week",2022-01-13,8137.1,135.618333333333,2.26030555555556
"Reference: Age and week by age, Report: Day of week",2022-01-14,6544.1,109.068333333333,1.81780555555556
"Reference: Age and week by age, Report: Day of week",2022-01-15,4484.7,74.745,1.24575
"Reference: Age and week by age, Report: Day of week",2022-01-16,5181.4,86.3566666666667,1.43927777777778
"Reference: Age and week by age, Report: Day of week",2022-01-17,9783.6,163.06,2.71766666666667
"Reference: Age and week by age, Report: Day of week",2022-01-18,11173.1,186.218333333333,3.10363888888889
"Reference: Age and week by age, Report: Day of week",2022-01-19,3303.6,55.06,0.917666666666667
"Reference: Age and week by age, Report: Day of week",2022-01-20,5521.1,92.0183333333333,1.53363888888889
"Reference: Age and week by age, Report: Day of week",2022-01-21,6804.1,113.401666666667,1.89002777777778
"Reference: Age and week by age, Report: Day of week",2022-01-22,6742.3,112.371666666667,1.87286111111111
"Reference: Age and week by age, Report: Day of week",2022-01-23,8396.2,139.936666666667,2.33227777777778
"Reference: Age and week by age, Report: Day of week",2022-01-24,6358.5,105.975,1.76625
"Reference: Age and week by age, Report: Day of week",2022-01-25,5805.1,96.7516666666667,1.61252777777778
"Reference: Age and week by age, Report: Day of week",2022-01-26,9460.7,157.678333333333,2.62797222222222
"Reference: Age and week by age, Report: Day of week",2022-01-27,5216.4,86.94,1.449
"Reference: Age and week by age, Report: Day of week",2022-01-28,6017.4,100.29,1.6715
"Reference: Age and week by age, Report: Day of week",2022-01-29,6129.5,102.158333333333,1.70263888888889
"Reference: Age and week by age, Report: Day of week",2022-01-30,6000.9,100.015,1.66691666666667
"Reference: Age and week by age, Report: Day of week",2022-01-31,3132.5,52.2083333333333,0.870138888888889
"Independent by age, Reference: Week, Report: Day of week",2021-10-01,1487.1,24.785,0.413083333333333
"Independent by age, Reference: Week, Report: Day of week",2021-10-02,1427.3,23.7883333333333,0.396472222222222
"Independent by age, Reference: Week, Report: Day of week",2021-10-03,1372.1,22.8683333333333,0.381138888888889
"Independent by age, Reference: Week, Report: Day of week",2021-10-04,1558.9,25.9816666666667,0.433027777777778
"Independent by age, Reference: Week, Report: Day of week",2021-10-05,2221.9,37.0316666666667,0.617194444444445
"Independent by age, Reference: Week, Report: Day of week",2021-10-06,1897.6,31.6266666666667,0.527111111111111
"Independent by age, Reference: Week, Report: Day of week",2021-10-07,2283.7,38.0616666666667,0.634361111111111
"Independent by age, Reference: Week, Report: Day of week",2021-10-08,2008.8,33.48,0.558
"Independent by age, Reference: Week, Report: Day of week",2021-10-09,2188.5,36.475,0.607916666666667
"Independent by age, Reference: Week, Report: Day of week",2021-10-10,1722.6,28.71,0.4785
"Independent by age, Reference: Week, Report: Day of week",2021-10-11,2302.1,38.3683333333333,0.639472222222222
"Independent by age, Reference: Week, Report: Day of week",2021-10-12,2761.1,46.0183333333333,0.766972222222222
"Independent by age, Reference: Week, Report: Day of week",2021-10-13,2727.2,45.4533333333333,0.757555555555556
"Independent by age, Reference: Week, Report: Day of week",2021-10-14,2749.4,45.8233333333333,0.763722222222222
"Independent by age, Reference: Week, Report: Day of week",2021-10-15,1436.5,23.9416666666667,0.399027777777778
"Independent by age, Reference: Week, Report: Day of week",2021-10-16,1431.1,23.8516666666667,0.397527777777778
"Independent by age, Reference: Week, Report: Day of week",2021-10-17,1499.5,24.9916666666667,0.416527777777778
"Independent by age, Reference: Week, Report: Day of week",2021-10-18,1359.1,22.6516666666667,0.377527777777778
"Independent by age, Reference: Week, Report: Day of week",2021-10-19,1528.8,25.48,0.424666666666667
"Independent by age, Reference: Week, Report: Day of week",2021-10-20,2067.3,34.455,0.57425
"Independent by age, Reference: Week, Report: Day of week",2021-10-21,2302.4,38.3733333333333,0.639555555555556
"Independent by age, Reference: Week, Report: Day of week",2021-10-22,1777.3,29.6216666666667,0.493694444444444
"Independent by age, Reference: Week, Report: Day of week",2021-10-23,2233.4,37.2233333333333,0.620388888888889
"Independent by age, Reference: Week, Report: Day of week",2021-10-24,2348.5,39.1416666666667,0.652361111111111
"Independent by age, Reference: Week, Report: Day of week",2021-10-25,2108.5,35.1416666666667,0.585694444444444
"Independent by age, Reference: Week, Report: Day of week",2021-10-26,2922.1,48.7016666666667,0.811694444444445
"Independent by age, Reference: Week, Report: Day of week",2021-10-27,3013.2,50.22,0.837
"Independent by age, Reference: Week, Report: Day of week",2021-10-28,2855.1,47.585,0.793083333333333
"Independent by age, Reference: Week, Report: Day of week",2021-10-29,2939.5,48.9916666666667,0.816527777777778
"Independent by age, Reference: Week, Report: Day of week",2021-10-30,2908.3,48.4716666666667,0.807861111111111
"Independent by age, Reference: Week, Report: Day of week",2021-10-31,2174.1,36.235,0.603916666666667
"Independent by age, Reference: Week, Report: Day of week",2021-11-01,1799.5,29.9916666666667,0.499861111111111
"Independent by age, Reference: Week, Report: Day of week",2021-11-02,1634.3,27.2383333333333,0.453972222222222
"Independent by age, Reference: Week, Report: Day of week",2021-11-03,1565.3,26.0883333333333,0.434805555555556
"Independent by age, Reference: Week, Report: Day of week",2021-11-04,1537.1,25.6183333333333,0.426972222222222
"Independent by age, Reference: Week, Report: Day of week",2021-11-05,1698.5,28.3083333333333,0.471805555555556
"Independent by age, Reference: Week, Report: Day of week",2021-11-06,1745.5,29.0916666666667,0.484861111111111
"Independent by age, Reference: Week, Report: Day of week",2021-11-07,1614.4,26.9066666666667,0.448444444444444
"Independent by age, Reference: Week, Report: Day of week",2021-11-08,1765.6,29.4266666666667,0.490444444444445
"Independent by age, Reference: Week, Report: Day of week",2021-11-09,1681.4,28.0233333333333,0.467055555555556
"Independent by age, Reference: Week, Report: Day of week",2021-11-10,1534.4,25.5733333333333,0.426222222222222
"Independent by age, Reference: Week, Report: Day of week",2021-11-11,1530.4,25.5066666666667,0.425111111111111
"Independent by age, Reference: Week, Report: Day of week",2021-11-12,1680.9,28.015,0.466916666666667
"Independent by age, Reference: Week, Report: Day of week",2021-11-13,1735.9,28.9316666666667,0.482194444444445
"Independent by age, Reference: Week, Report: Day of week",2021-11-14,1667.6,27.7933333333333,0.463222222222222
"Independent by age, Reference: Week, Report: Day of week",2021-11-15,1670.4,27.84,0.464
"Independent by age, Reference: Week, Report: Day of week",2021-11-16,1661.8,27.6966666666667,0.461611111111111
"Independent by age, Reference: Week, Report: Day of week",2021-11-17,1628.6,27.1433333333333,0.452388888888889
"Independent by age, Reference: Week, Report: Day of week",2021-11-18,1576.7,26.2783333333333,0.437972222222222
"Independent by age, Reference: Week, Report: Day of week",2021-11-19,1597.5,26.625,0.44375
"Independent by age, Reference: Week, Report: Day of week",2021-11-20,1671.5,27.8583333333333,0.464305555555556
"Independent by age, Reference: Week, Report: Day of week",2021-11-21,1578.7,26.3116666666667,0.438527777777778
"Independent by age, Reference: Week, Report: Day of week",2021-11-22,1640.2,27.3366666666667,0.455611111111111
"Independent by age, Reference: Week, Report: Day of week",2021-11-23,1936.8,32.28,0.538
"Independent by age, Reference: Week, Report: Day of week",2021-11-24,1863.5,31.0583333333333,0.517638888888889
"Independent by age, Reference: Week, Report: Day of week",2021-11-25,2641.4,44.0233333333333,0.733722222222222
"Independent by age, Reference: Week, Report: Day of week",2021-11-26,10376.4,172.94,2.88233333333333
"Independent by age, Reference: Week, Report: Day of week",2021-11-27,4109.1,68.485,1.14141666666667
"Independent by age, Reference: Week, Report: Day of week",2021-11-28,1865.9,31.0983333333333,0.518305555555556
"Independent by age, Reference: Week, Report: Day of week",2021-11-29,1763.4,29.39,0.489833333333333
"Independent by age, Reference: Week, Report: Day of week",2021-11-30,1888,31.4666666666667,0.524444444444445
"Independent by age, Reference: Week, Report: Day of week",2021-12-01,1687,28.1166666666667,0.468611111111111
"Independent by age, Reference: Week, Report: Day of week",2021-12-02,1736.4,28.94,0.482333333333333
"Independent by age, Reference: Week, Report: Day of week",2021-12-03,3773.2,62.8866666666667,1.04811111111111
"Independent by age, Reference: Week, Report: Day of week",2021-12-04,3882.5,64.7083333333333,1.07847222222222
"Independent by age, Reference: Week, Report: Day of week",2021-12-05,1858.9,30.9816666666667,0.516361111111111
"Independent by age, Reference: Week, Report: Day of week",2021-12-06,1828.3,30.4716666666667,0.507861111111111
"Independent by age, Reference: Week, Report: Day of week",2021-12-07,1966.4,32.7733333333333,0.546222222222222
"Independent by age, Reference: Week, Report: Day of week",2021-12-08,2190,36.5,0.608333333333333
"Independent by age, Reference: Week, Report: Day of week",2021-12-09,1900.7,31.6783333333333,0.527972222222222
"Independent by age, Reference: Week, Report: Day of week",2021-12-10,2013.8,33.5633333333333,0.559388888888889
"Independent by age, Reference: Week, Report: Day of week",2021-12-11,2027.4,33.79,0.563166666666667
"Independent by age, Reference: Week, Report: Day of week",2021-12-12,2101.1,35.0183333333333,0.583638888888889
"Independent by age, Reference: Week, Report: Day of week",2021-12-13,1890.7,31.5116666666667,0.525194444444444
"Independent by age, Reference: Week, Report: Day of week",2021-12-14,2109.2,35.1533333333333,0.585888888888889
"Independent by age, Reference: Week, Report: Day of week",2021-12-15,1984.6,33.0766666666667,0.551277777777778
"Independent by age, Reference: Week, Report: Day of week",2021-12-16,3652.7,60.8783333333333,1.01463888888889
"Independent by age, Reference: Week, Report: Day of week",2021-12-17,3897.7,64.9616666666667,1.08269444444444
"Independent by age, Reference: Week, Report: Day of week",2021-12-18,1895.1,31.585,0.526416666666667
"Independent by age, Reference: Week, Report: Day of week",2021-12-19,3757.7,62.6283333333333,1.04380555555556
"Independent by age, Reference: Week, Report: Day of week",2021-12-20,3577.7,59.6283333333333,0.993805555555556
"Independent by age, Reference: Week, Report: Day of week",2021-12-21,2860.2,47.67,0.7945
"Independent by age, Reference: Week, Report: Day of week",2021-12-22,1795.3,29.9216666666667,0.498694444444444
"Independent by age, Reference: Week, Report: Day of week",2021-12-23,3446.3,57.4383333333333,0.957305555555555
"Independent by age, Reference: Week, Report: Day of week",2021-12-24,1973.7,32.895,0.54825
"Independent by age, Reference: Week, Report: Day of week",2021-12-25,1833.8,30.5633333333333,0.509388888888889
"Independent by age, Reference: Week, Report: Day of week",2021-12-26,1770.4,29.5066666666667,0.491777777777778
"Independent by age, Reference: Week, Report: Day of week",2021-12-27,2912.5,48.5416666666667,0.809027777777778
"Independent by age, Reference: Week, Report: Day of week",2021-12-28,2355.6,39.26,0.654333333333333
"Independent by age, Reference: Week, Report: Day of week",2021-12-29,3503.5,58.3916666666667,0.973194444444444
"Independent by age, Reference: Week, Report: Day of week",2021-12-30,1681.9,28.0316666666667,0.467194444444445
"Independent by age, Reference: Week, Report: Day of week",2021-12-31,3677.6,61.2933333333333,1.02155555555556
"Independent by age, Reference: Week, Report: Day of week",2022-01-01,4558.6,75.9766666666667,1.26627777777778
"Independent by age, Reference: Week, Report: Day of week",2022-01-02,4204.5,70.075,1.16791666666667
"Independent by age, Reference: Week, Report: Day of week",2022-01-03,2458.6,40.9766666666667,0.682944444444444
"Independent by age, Reference: Week, Report: Day of week",2022-01-04,2554.3,42.5716666666667,0.709527777777778
"Independent by age, Reference: Week, Report: Day of week",2022-01-05,2169.5,36.1583333333333,0.602638888888889
"Independent by age, Reference: Week, Report: Day of week",2022-01-06,2415.1,40.2516666666667,0.670861111111111
"Independent by age, Reference: Week, Report: Day of week",2022-01-07,4502.1,75.035,1.25058333333333
"Independent by age, Reference: Week, Report: Day of week",2022-01-08,2431.6,40.5266666666667,0.675444444444445
"Independent by age, Reference: Week, Report: Day of week",2022-01-09,2611.5,43.525,0.725416666666667
"Independent by age, Reference: Week, Report: Day of week",2022-01-10,4850.9,80.8483333333333,1.34747222222222
"Independent by age, Reference: Week, Report: Day of week",2022-01-11,4544.7,75.745,1.26241666666667
"Independent by age, Reference: Week, Report: Day of week",2022-01-12,4221.1,70.3516666666667,1.17252777777778
"Independent by age, Reference: Week, Report: Day of week",2022-01-13,4334.1,72.235,1.20391666666667
"Independent by age, Reference: Week, Report: Day of week",2022-01-14,3885.7,64.7616666666667,1.07936111111111
"Independent by age, Reference: Week, Report: Day of week",2022-01-15,2070.6,34.51,0.575166666666667
"Independent by age, Reference: Week, Report: Day of week",2022-01-16,2218.3,36.9716666666667,0.616194444444444
"Independent by age, Reference: Week, Report: Day of week",2022-01-17,4381.4,73.0233333333333,1.21705555555556
"Independent by age, Reference: Week, Report: Day of week",2022-01-18,4701.7,78.3616666666667,1.30602777777778
"Independent by age, Reference: Week, Report: Day of week",2022-01-19,1792.7,29.8783333333333,0.497972222222222
"Independent by age, Reference: Week, Report: Day of week",2022-01-20,3676.7,61.2783333333333,1.02130555555556
"Independent by age, Reference: Week, Report: Day of week",2022-01-21,3597.7,59.9616666666667,0.999361111111111
"Independent by age, Reference: Week, Report: Day of week",2022-01-22,3801.7,63.3616666666667,1.05602777777778
"Independent by age, Reference: Week, Report: Day of week",2022-01-23,4055.1,67.585,1.12641666666667
"Independent by age, Reference: Week, Report: Day of week",2022-01-24,4063.7,67.7283333333333,1.12880555555556
"Independent by age, Reference: Week, Report: Day of week",2022-01-25,3690.9,61.515,1.02525
"Independent by age, Reference: Week, Report: Day of week",2022-01-26,3369.9,56.165,0.936083333333333
"Independent by age, Reference: Week, Report: Day of week",2022-01-27,3327.5,55.4583333333333,0.924305555555556
"Independent by age, Reference: Week, Report: Day of week",2022-01-28,3838.1,63.9683333333333,1.06613888888889
"Independent by age, Reference: Week, Report: Day of week",2022-01-29,3608.5,60.1416666666667,1.00236111111111
"Independent by age, Reference: Week, Report: Day of week",2022-01-30,3641.9,60.6983333333333,1.01163888888889
"Independent by age, Reference: Week, Report: Day of week",2022-01-31,1818.3,30.305,0.505083333333333
"Independent by age, Reference: Week and day of week, Report: Day of week",2021-10-01,5207.7,86.795,1.44658333333333
"Independent by age, Reference: Week and day of week, Report: Day of week",2021-10-02,5652.3,94.205,1.57008333333333
"Independent by age, Reference: Week and day of week, Report: Day of week",2021-10-03,7146,119.1,1.985
"Independent by age, Reference: Week and day of week, Report: Day of week",2021-10-04,7676.6,127.943333333333,2.13238888888889
"Independent by age, Reference: Week and day of week, Report: Day of week",2021-10-05,5647.3,94.1216666666667,1.56869444444444
"Independent by age, Reference: Week and day of week, Report: Day of week",2021-10-06,4316.5,71.9416666666667,1.19902777777778
"Independent by age, Reference: Week and day of week, Report: Day of week",2021-10-07,3920.5,65.3416666666667,1.08902777777778
"Independent by age, Reference: Week and day of week, Report: Day of week",2021-10-08,3965.3,66.0883333333333,1.10147222222222
"Independent by age, Reference: Week and day of week, Report: Day of week",2021-10-09,4378.2,72.97,1.21616666666667
"Independent by age, Reference: Week and day of week, Report: Day of week",2021-10-10,3978.3,66.305,1.10508333333333
"Independent by age, Reference: Week and day of week, Report: Day of week",2021-10-11,3718.9,61.9816666666667,1.03302777777778
"Independent by age, Reference: Week and day of week, Report: Day of week",2021-10-12,3830,63.8333333333333,1.06388888888889
"Independent by age, Reference: Week and day of week, Report: Day of week",2021-10-13,3597.5,59.9583333333333,0.999305555555556
"Independent by age, Reference: Week and day of week, Report: Day of week",2021-10-14,3792.6,63.21,1.0535
"Independent by age, Reference: Week and day of week, Report: Day of week",2021-10-15,3858.7,64.3116666666667,1.07186111111111
"Independent by age, Reference: Week and day of week, Report: Day of week",2021-10-16,4169.1,69.485,1.15808333333333
"Independent by age, Reference: Week and day of week, Report: Day of week",2021-10-17,4175.7,69.595,1.15991666666667
"Independent by age, Reference: Week and day of week, Report: Day of week",2021-10-18,3768,62.8,1.04666666666667
"Independent by age, Reference: Week and day of week, Report: Day of week",2021-10-19,3750.1,62.5016666666667,1.04169444444444
"Independent by age, Reference: Week and day of week, Report: Day of week",2021-10-20,3836.4,63.94,1.06566666666667
"Independent by age, Reference: Week and day of week, Report: Day of week",2021-10-21,4096.3,68.2716666666667,1.13786111111111
"Independent by age, Reference: Week and day of week, Report: Day of week",2021-10-22,4175.6,69.5933333333333,1.15988888888889
"Independent by age, Reference: Week and day of week, Report: Day of week",2021-10-23,4426.2,73.77,1.2295
"Independent by age, Reference: Week and day of week, Report: Day of week",2021-10-24,4471.1,74.5183333333334,1.24197222222222
"Independent by age, Reference: Week and day of week, Report: Day of week",2021-10-25,4159.2,69.32,1.15533333333333
"Independent by age, Reference: Week and day of week, Report: Day of week",2021-10-26,4581.5,76.3583333333333,1.27263888888889
"Independent by age, Reference: Week and day of week, Report: Day of week",2021-10-27,4273.5,71.225,1.18708333333333
"Independent by age, Reference: Week and day of week, Report: Day of week",2021-10-28,4195.5,69.925,1.16541666666667
"Independent by age, Reference: Week and day of week, Report: Day of week",2021-10-29,4365.7,72.7616666666667,1.21269444444444
"Independent by age, Reference: Week and day of week, Report: Day of week",2021-10-30,4421.8,73.6966666666667,1.22827777777778
"Independent by age, Reference: Week and day of week, Report: Day of week",2021-10-31,4367.7,72.795,1.21325
"Independent by age, Reference: Week and day of week, Report: Day of week",2021-11-01,4760.1,79.335,1.32225
"Independent by age, Reference: Week and day of week, Report: Day of week",2021-11-02,4138.8,68.98,1.14966666666667
"Independent by age, Reference: Week and day of week, Report: Day of week",2021-11-03,4189.8,69.83,1.16383333333333
"Independent by age, Reference: Week and day of week, Report: Day of week",2021-11-04,4445.1,74.085,1.23475
"Independent by age, Reference: Week and day of week, Report: Day of week",2021-11-05,4372.4,72.8733333333333,1.21455555555556
"Independent by age, Reference: Week and day of week, Report: Day of week",2021-11-06,4589.7,76.495,1.27491666666667
"Independent by age, Reference: Week and day of week, Report: Day of week",2021-11-07,4464.7,74.4116666666667,1.24019444444444
"Independent by age, Reference: Week and day of week, Report: Day of week",2021-11-08,4485.1,74.7516666666667,1.24586111111111
"Independent by age, Reference: Week and day of week, Report: Day of week",2021-11-09,4590.5,76.5083333333334,1.27513888888889
"Independent by age, Reference: Week and day of week, Report: Day of week",2021-11-10,4490,74.8333333333333,1.24722222222222
"Independent by age, Reference: Week and day of week, Report: Day of week",2021-11-11,4494.5,74.9083333333333,1.24847222222222
"Independent by age, Reference: Week and day of week, Report: Day of week",2021-11-12,4572.8,76.2133333333333,1.27022222222222
"Independent by age, Reference: Week and day of week, Report: Day of week",2021-11-13,4584.4,76.4066666666667,1.27344444444444
"Independent by age, Reference: Week and day of week, Report: Day of week",2021-11-14,4682.8,78.0466666666667,1.30077777777778
"Independent by age, Reference: Week and day of week, Report: Day of week",2021-11-15,4604.1,76.735,1.27891666666667
"Independent by age, Reference: Week and day of week, Report: Day of week",2021-11-16,5122,85.3666666666667,1.42277777777778
"Independent by age, Reference: Week and day of week, Report: Day of week",2021-11-17,4728.4,78.8066666666667,1.31344444444444
"Independent by age, Reference: Week and day of week, Report: Day of week",2021-11-18,4748.7,79.145,1.31908333333333
"Independent by age, Reference: Week and day of week, Report: Day of week",2021-11-19,6569.3,109.488333333333,1.82480555555556
"Independent by age, Reference: Week and day of week, Report: Day of week",2021-11-20,8644.4,144.073333333333,2.40122222222222
"Independent by age, Reference: Week and day of week, Report: Day of week",2021-11-21,9916.6,165.276666666667,2.75461111111111
"Independent by age, Reference: Week and day of week, Report: Day of week",2021-11-22,7057.9,117.631666666667,1.96052777777778
"Independent by age, Reference: Week and day of week, Report: Day of week",2021-11-23,5352,89.2,1.48666666666667
"Independent by age, Reference: Week and day of week, Report: Day of week",2021-11-24,5196.8,86.6133333333333,1.44355555555556
"Independent by age, Reference: Week and day of week, Report: Day of week",2021-11-25,5441.3,90.6883333333333,1.51147222222222
"Independent by age, Reference: Week and day of week, Report: Day of week",2021-11-26,5198,86.6333333333333,1.44388888888889
"Independent by age, Reference: Week and day of week, Report: Day of week",2021-11-27,4587.2,76.4533333333333,1.27422222222222
"Independent by age, Reference: Week and day of week, Report: Day of week",2021-11-28,4917.1,81.9516666666667,1.36586111111111
"Independent by age, Reference: Week and day of week, Report: Day of week",2021-11-29,4682,78.0333333333333,1.30055555555556
"Independent by age, Reference: Week and day of week, Report: Day of week",2021-11-30,4961.8,82.6966666666667,1.37827777777778
"Independent by age, Reference: Week and day of week, Report: Day of week",2021-12-01,5028.2,83.8033333333333,1.39672222222222
"Independent by age, Reference: Week and day of week, Report: Day of week",2021-12-02,5052.7,84.2116666666667,1.40352777777778
"Independent by age, Reference: Week and day of week, Report: Day of week",2021-12-03,5303.5,88.3916666666667,1.47319444444444
"Independent by age, Reference: Week and day of week, Report: Day of week",2021-12-04,5647.6,94.1266666666666,1.56877777777778
"Independent by age, Reference: Week and day of week, Report: Day of week",2021-12-05,4923.5,82.0583333333333,1.36763888888889
"Independent by age, Reference: Week and day of week, Report: Day of week",2021-12-06,4956.3,82.605,1.37675
"Independent by age, Reference: Week and day of week, Report: Day of week",2021-12-07,5611.9,93.5316666666667,1.55886111111111
"Independent by age, Reference: Week and day of week, Report: Day of week",2021-12-08,5656,94.2666666666667,1.57111111111111
"Independent by age, Reference: Week and day of week, Report: Day of week",2021-12-09,5658.6,94.31,1.57183333333333
"Independent by age, Reference: Week and day of week, Report: Day of week",2021-12-10,5651.3,94.1883333333333,1.56980555555556
"Independent by age, Reference: Week and day of week, Report: Day of week",2021-12-11,5310.6,88.51,1.47516666666667
"Independent by age, Reference: Week and day of week, Report: Day of week",2021-12-12,5516.7,91.945,1.53241666666667
"Independent by age, Reference: Week and day of week, Report: Day of week",2021-12-13,5143.9,85.7316666666667,1.42886111111111
"Independent by age, Reference: Week and day of week, Report: Day of week",2021-12-14,5738.7,95.645,1.59408333333333
"Independent by age, Reference: Week and day of week, Report: Day of week",2021-12-15,11334.1,188.901666666667,3.14836111111111
"Independent by age, Reference: Week and day of week, Report: Day of week",2021-12-16,10563.5,176.058333333333,2.93430555555556
"Independent by age, Reference: Week and day of week, Report: Day of week",2021-12-17,11248.6,187.476666666667,3.12461111111111
"Independent by age, Reference: Week and day of week, Report: Day of week",2021-12-18,5169.3,86.155,1.43591666666667
"Independent by age, Reference: Week and day of week, Report: Day of week",2021-12-19,10797.3,179.955,2.99925
"Independent by age, Reference: Week and day of week, Report: Day of week",2021-12-20,11530.3,192.171666666667,3.20286111111111
"Independent by age, Reference: Week and day of week, Report: Day of week",2021-12-21,8200.9,136.681666666667,2.27802777777778
"Independent by age, Reference: Week and day of week, Report: Day of week",2021-12-22,5207.8,86.7966666666667,1.44661111111111
"Independent by age, Reference: Week and day of week, Report: Day of week",2021-12-23,10645.2,177.42,2.957
"Independent by age, Reference: Week and day of week, Report: Day of week",2021-12-24,5754.3,95.905,1.59841666666667
"Independent by age, Reference: Week and day of week, Report: Day of week",2021-12-25,5143.8,85.73,1.42883333333333
"Independent by age, Reference: Week and day of week, Report: Day of week",2021-12-26,5307.1,88.4516666666667,1.47419444444444
"Independent by age, Reference: Week and day of week, Report: Day of week",2021-12-27,8686.8,144.78,2.413
"Independent by age, Reference: Week and day of week, Report: Day of week",2021-12-28,7366.7,122.778333333333,2.04630555555556
"Independent by age, Reference: Week and day of week, Report: Day of week",2021-12-29,9787.2,163.12,2.71866666666667
"Independent by age, Reference: Week and day of week, Report: Day of week",2021-12-30,5054.1,84.235,1.40391666666667
"Independent by age, Reference: Week and day of week, Report: Day of week",2021-12-31,10024.3,167.071666666667,2.78452777777778
"Independent by age, Reference: Week and day of week, Report: Day of week",2022-01-01,12633.3,210.555,3.50925
"Independent by age, Reference: Week and day of week, Report: Day of week",2022-01-02,12304.2,205.07,3.41783333333333
"Independent by age, Reference: Week and day of week, Report: Day of week",2022-01-03,6978.4,116.306666666667,1.93844444444444
"Independent by age, Reference: Week and day of week, Report: Day of week",2022-01-04,7938.6,132.31,2.20516666666667
"Independent by age, Reference: Week and day of week, Report: Day of week",2022-01-05,5973.1,99.5516666666667,1.65919444444444
"Independent by age, Reference: Week and day of week, Report: Day of week",2022-01-06,14458.6,240.976666666667,4.01627777777778
"Independent by age, Reference: Week and day of week, Report: Day of week",2022-01-07,8953.2,149.22,2.487
"Independent by age, Reference: Week and day of week, Report: Day of week",2022-01-08,5934.6,98.91,1.6485
"Independent by age, Reference: Week and day of week, Report: Day of week",2022-01-09,7560.8,126.013333333333,2.10022222222222
"Independent by age, Reference: Week and day of week, Report: Day of week",2022-01-10,12443.9,207.398333333333,3.45663888888889
"Independent by age, Reference: Week and day of week, Report: Day of week",2022-01-11,13696.4,228.273333333333,3.80455555555556
"Independent by age, Reference: Week and day of week, Report: Day of week",2022-01-12,11741.5,195.691666666667,3.26152777777778
"Independent by age, Reference: Week and day of week, Report: Day of week",2022-01-13,11651.6,194.193333333333,3.23655555555556
"Independent by age, Reference: Week and day of week, Report: Day of week",2022-01-14,11113.8,185.23,3.08716666666667
"Independent by age, Reference: Week and day of week, Report: Day of week",2022-01-15,5543.8,92.3966666666667,1.53994444444444
"Independent by age, Reference: Week and day of week, Report: Day of week",2022-01-16,6068.3,101.138333333333,1.68563888888889
"Independent by age, Reference: Week and day of week, Report: Day of week",2022-01-17,12684.4,211.406666666667,3.52344444444444
"Independent by age, Reference: Week and day of week, Report: Day of week",2022-01-18,13567.7,226.128333333333,3.76880555555556
"Independent by age, Reference: Week and day of week, Report: Day of week",2022-01-19,5762,96.0333333333333,1.60055555555556
"Independent by age, Reference: Week and day of week, Report: Day of week",2022-01-20,10603.2,176.72,2.94533333333333
"Independent by age, Reference: Week and day of week, Report: Day of week",2022-01-21,10488.5,174.808333333333,2.91347222222222
"Independent by age, Reference: Week and day of week, Report: Day of week",2022-01-22,9965.4,166.09,2.76816666666667
"Independent by age, Reference: Week and day of week, Report: Day of week",2022-01-23,10587.3,176.455,2.94091666666667
"Independent by age, Reference: Week and day of week, Report: Day of week",2022-01-24,12973.2,216.22,3.60366666666667
"Independent by age, Reference: Week and day of week, Report: Day of week",2022-01-25,20821,347.016666666667,5.78361111111111
"Independent by age, Reference: Week and day of week, Report: Day of week",2022-01-26,5144.1,85.735,1.42891666666667
"Independent by age, Reference: Week and day of week, Report: Day of week",2022-01-27,7143.3,119.055,1.98425
"Independent by age, Reference: Week and day of week, Report: Day of week",2022-01-28,10071.2,167.853333333333,2.79755555555556
"Independent by age, Reference: Week and day of week, Report: Day of week",2022-01-29,9552.1,159.201666666667,2.65336111111111
"Independent by age, Reference: Week and day of week, Report: Day of week",2022-01-30,9419.6,156.993333333333,2.61655555555556
"Independent by age, Reference: Week and day of week, Report: Day of week",2022-01-31,9655.6,160.926666666667,2.68211111111111
